ImageName,TotalCells,NegativeCells,PositivePercentage,PositiveArea
11.1.jpg,2642,230,91.29,597444.4768167217
11.4.jpg,2934,114,96.11,706345.6561361654
12.4.jpg,2849,311,89.08,595267.079455848
13.2.jpg,1811,501,72.34,293215.4384931894
